Type,Al(ppm),Ti(ppm),Li(ppm),Ge(ppm),Sr(ppm)
pegmatite,537.2,2.3,117.5,8.3,0.06
pegmatite,372,1.3,74.7,8,0.02
pegmatite,97.3,14,23.1,2,0.06
pegmatite,162.4,15.9,30.5,1.7,0.02
pegmatite,137.7,17.7,26.4,1.6,0.02
pegmatite,132.4,14.3,28.5,1.7,0.06
pegmatite,189,14.4,37.6,1.8,0.04
pegmatite,137.7,15.9,30.2,2.2,0.09
pegmatite,116.4,11,30.6,2.1,0.08
pegmatite,104.5,10.6,29.9,2.5,0.04
pegmatite,152.6,9.7,23.9,2.7,0.05
pegmatite,395.5,2.2,124.8,11.3,0.06
pegmatite,543.5,2.4,264.8,11.4,0.06
pegmatite,565.1,2.5,143.4,8.1,0.04
pegmatite,91.7,12.7,15.7,2.4,0.04
pegmatite,145.3,15,19.2,3.2,0.05
pegmatite,188.9,19.2,16.8,4.7,0.12
pegmatite,241.4,17.6,14,6,0.03
pegmatite,206.5,13.2,17.3,5.7,0.24
pegmatite,52.2,7.6,11.1,1.1,0.04
pegmatite,8.3,14.5,6.4,2.3,0.07
pegmatite,40.2,24.1,8.1,3.2,0.11
pegmatite,32.7,17.2,6.8,2.6,0.02
pegmatite,123.2,14.4,37.3,2.2,0.09
pegmatite,136.2,15.1,39.1,2.5,0.09
pegmatite,154.1,16.4,37.3,2.3,0.1
pegmatite,111.5,13.9,31.8,2.4,0.07
pegmatite,118.7,17.9,34.2,2.7,0.04
pegmatite,134.2,17.6,32.1,2.9,0.02
pegmatite,127,7.2,31.2,2.7,0.03
pegmatite,135.4,10,35.2,2.4,0.03
pegmatite,106.8,6.7,33.9,1.7,0.02
pegmatite,311.2,14.2,47,2.4,0.04
pegmatite,254.7,10.9,90.1,2.7,0.07
granite,232,7.1,4.6,1.08,0.19
granite,236,9,14.3,1.12,0.1
granite,132,8.6,14.1,2.91,0.06
granite,333,9.4,11,1.65,0.16
granite,212,6.7,9,1.84,0.17
granite,284,5.9,17,1.26,0.2
granite,313,5.8,19.2,1.6,0.2
granite,295,9.1,14.8,1.35,0.07
granite,299,5.2,23.5,1.53,0.08
granite,243,8.5,18.3,1.48,0.09
granite,258,5.7,26,1.65,0.08
granite,220,7.4,42.2,2.07,0.06
granite,211,4.8,65.1,2.71,0.07
granite,324,7.3,44.8,2.5,0.1
granite,205,10.1,16.5,1.45,0.07
granite,107,18.2,4.5,1.46,0.11
granite,127,15.9,12.8,1.01,0.16
granite,235,16.7,18.7,1.21,0.07
granite,132,19.4,26.8,0.95,0.06
granite,197,20.5,9.2,1.1,0.08
granite,310,34.1,14.9,0.72,0.07
granite,141,23.2,9.8,0.85,0.06
granite,117,27.7,15.5,1.01,0.07
granite,109,29.2,19,1,0.07
granite,149,20.8,12.2,1.19,0.09
greisen,35,0.41,0.88,0.87,0.06
greisen,32,0.44,6.01,0.9,0.08
greisen,35,0.22,4.77,1.13,0.06
greisen,40,0.22,5.94,1.09,0.07
greisen,75,0.46,10.8,1.17,0.08
greisen,79,0.44,11.8,1.24,0.07
greisen,43,0.42,11.9,1.18,0.07
greisen,90,0.41,9.53,1.16,0.07
greisen,82,0.51,6.69,1.11,0.06
greisen,52,0.14,5.51,1.13,0.07
greisen,35,0.1,1.49,1.05,0.08
greisen,5.6,0.31,0.36,0.94,0.06
greisen,38,0.23,4.85,0.81,0.05
greisen,46,0.39,4.75,0.92,0.05
greisen,111,0.46,3.18,0.96,0.07
greisen,70,0.56,6.57,1.28,0.06
greisen,119,0.22,3.89,1.02,0.05
greisen,108,0.37,3.37,1.26,0.05
greisen,78,0.84,3.41,1.13,0.05
greisen,24,0.3,2.01,0.96,0.08
greisen,36,0.34,3.59,0.84,0.05
greisen,44,0.44,4.2,0.79,0.05
greisen,42,0.24,4.5,0.87,0.06
greisen,37,0.46,1.46,0.88,0.05
greisen,49,0.48,0.52,0.76,0.06
greisen,24,0.3,0.19,0.71,0.05
greisen,26,0.42,0.23,0.7,0.04
greisen,25,0.28,0.53,0.78,0.04
greisen,28,0.31,5.74,0.83,0.05
greisen,37,0.18,5.6,0.82,0.05
greisen,38,0.18,5.75,0.81,0.05
greisen,42,0.28,7.58,0.84,0.04
greisen,85,0.52,8.84,0.86,0.05
greisen,69,0.47,9.22,0.92,0.06
greisen,68,0.5,8.98,0.96,0.06
greisen,68,0.51,6.92,0.94,0.05
greisen,21,0.45,3.33,0.96,0.05
greisen,60,0.53,1.61,1.03,0.05
greisen,57,4.53,7.78,1.2,0.13
greisen,102,0.33,12.4,0.88,0.05
greisen,105,16,6.94,1.45,0.07
greisen,108,12.8,5.53,1.73,0.08
greisen,105,0.34,0.41,1.03,0.29
greisen,98,0.35,1.27,1.01,0.1
greisen,115,16.6,7.82,1.77,0.08
greisen,91,12.2,8.98,1.47,0.09
greisen,21,0.39,1.94,0.86,0.06
greisen,89,0.34,5.56,1.08,0.09
greisen,43,2.65,0.5,1.06,0.14
greisen,11,0.3,2.91,1.12,0.12
greisen,43,4.37,1.9,1.61,0.11
greisen,55,0.37,0.31,1.1,0.16
greisen,57,0.36,1.02,0.96,0.09
greisen,101,14.1,5.2,1.76,0.09
greisen,105,15.2,4.3,1.54,0.1
greisen,110,12.3,4.51,1.54,0.09
greisen,86,14,4.53,1.48,0.08
greisen,26,0.17,1.12,0.9,0.09
greisen,45,0.23,5.66,0.97,0.09
greisen,14,0.2,0.27,0.96,0.09
greisen,11,0.24,0.25,1.02,0.1
greisen,10,0.21,1.31,1.13,0.09
greisen,51,16.6,2.03,1.82,0.11
greisen,53,11.8,1.64,1.59,0.08
greisen,93,16.8,2.93,1.65,0.1
greisen,48,0.37,1.35,0.89,0.23
greisen,53,0.36,1.8,0.98,0.09
greisen,45,9.8,0.94,1.55,0.11
greisen,55,7.84,1.22,1.5,0.09
greisen,33,8.54,1.18,1.56,0.08
greisen,33,7.71,0.69,1.46,0.11
greisen,39,8.02,1.37,1.44,0.12
greisen,18,0.38,1.58,1.07,0.09
greisen,54,0.23,2.48,0.85,0.21
greisen,45,0.23,1.88,0.92,0.11
greisen,40,8.58,3.92,1.51,0.08
greisen,41,0.29,3.85,1.08,0.09
greisen,36,0.32,0.46,1.03,0.1
greisen,17,0.3,1.78,1.39,0.24
greisen,15,0.3,3.48,1.27,0.12
greisen,63,1.5,3.38,1.44,0.14
greisen,64,0.3,1.82,1.41,0.17
greisen,34,1.37,5.53,2.23,0.52
greisen,46,0.68,3.52,1.55,0.33
greisen,82,0.3,2.86,1.23,0.27
greisen,21,0.53,1.45,1.22,0.14
greisen,111,0.3,16.4,1.75,0.11
greisen,161,0.3,11.7,1.72,0.11
greisen,74,0.3,0.41,1.05,0.13
greisen,58,1.38,1.27,0.92,0.27
greisen,20,0.3,1.5,1.04,0.1
greisen,45,0.3,0.35,1.24,0.15
greisen,91,10.9,8.8,1.83,0.12
greisen,60,8.27,11.8,1.67,0.08
greisen,89,8.97,3.1,1.29,0.22
greisen,100,10.5,5.7,1.99,0.43
greisen,96,11.2,3.5,1.75,0.52
greisen,77,10.3,6.3,1.72,0.2
greisen,32,1.14,5.3,1.77,0.26
greisen,42,1.61,8.9,1.67,0.11
greisen,63,2.93,6.2,1.72,0.15
greisen,90,1.31,10.7,1.46,0.11
greisen,96,1.39,3.7,2.27,2.5
greisen,45,0.78,2.6,1.39,1.3
greisen,17,0.53,3.2,1.45,0.83
greisen,79,10,16.6,1.83,0.14
greisen,49,0.56,6,0.86,0.12
greisen,67,1.07,9.89,0.45,0.11
greisen,65,1.65,1.99,1,0.08
greisen,52,0.44,0.59,1,0.06
greisen,41,1.31,0.37,1.25,0.04
greisen,45,1,1.53,1.33,0.07
greisen,53,0.75,0.48,1.13,0.11
greisen,34,1.28,2.39,1.47,0.07
greisen,30,1.21,1.16,1.29,0.06
greisen,19,0.68,0.6,1.02,0.06
greisen,53,0.33,0.98,0.88,0.06
greisen,43,0.6,0.91,0.91,0.1
greisen,43,0.89,0.94,0.93,0.09
greisen,8.9,0.27,1.86,0.33,0.06
greisen,45,0.77,1.96,0.33,0.06
greisen,33,0.52,2.21,0.81,0.06
greisen,54,0.77,3.31,1.01,0.05
greisen,49,0.67,0.62,0.84,0.06
greisen,38,0.83,2.64,1,0.08
greisen,104,1.33,3.04,1.09,0.04
greisen,90,1.04,2.04,1.15,0.06
greisen,30,0.38,1.93,0.7,0.27
greisen,33,1.18,0.58,1.45,0.09
greisen,40,1.71,2.01,1.81,0.06
greisen,32,2.82,1.99,1.78,0.06
greisen,114,9.4,7.26,2.19,0.05
greisen,121,0.86,22.2,1.87,0.05
greisen,61,1.85,16.7,1.66,0.06
greisen,76,2.26,12.9,1.95,0.05
greisen,79,1.91,12.8,2.11,0.06
greisen,71,1.96,9.98,1.99,0.05
greisen,121,10.6,15.8,2.09,0.05
greisen,91,14.7,8.32,2.35,0.06
greisen,64,1.29,2.78,1.53,0.05
greisen,41,1,0.64,1.36,0.13
greisen,39,0.46,1.17,1.33,0.15
greisen,36,0.29,0.55,0.76,0.08
greisen,105,9.91,2.48,1.9,0.07
greisen,118,11.9,3.01,2.66,0.07
greisen,118,12.4,2.67,2.4,0.07
greisen,98,10.7,3.41,2.16,0.1
greisen,32,0.94,1.58,1.73,0.06
greisen,27,0.8,0.13,1.5,0.06
greisen,36,1.23,0.71,1.62,0.05
greisen,33,0.81,4.16,1.34,0.04
greisen,41,1.08,2.26,1.48,0.04
greisen,38,0.99,0.88,1.6,0.04
greisen,78,0.23,0.4,1.22,0.08
greisen,80,0.28,1.5,1.2,0.04
greisen,503,0.3,48.1,0.78,0.07
greisen,637,0.41,86.3,0.84,0.09
greisen,9.5,1.26,0.35,0.87,0.12
greisen,87,2.04,10.3,1.2,0.11
greisen,106,1.83,17.9,1.05,0.1
greisen,93,0.89,8.52,0.98,0.1
greisen,131,2.61,0.97,1.36,0.2
greisen,52,1.66,0.27,1.02,0.1
greisen,75,2.64,2.92,1,0.1
greisen,71,2.47,1.18,0.85,0.09
greisen,69,1.62,1.09,1.1,0.1
greisen,86,1.58,4.12,1.36,0.14
greisen,65,2.69,1.63,1.2,0.11
greisen,54,1.5,2.61,0.72,0.1
greisen,85,2.54,0.93,1.2,0.14
greisen,63,1.85,0.03,1.17,0.11
greisen,57,1.35,0.18,0.5,0.14
greisen,56,3.48,3.09,0.58,0.06
greisen,67,3.17,2.94,0.81,0.06
greisen,106,2.47,2.28,0.74,0.06
greisen,92,2.43,0.9,0.8,0.06
greisen,75,1.43,1.66,1.08,0.06
greisen,88,1.37,1.03,0.97,0.08
granite,232,7.1,4.6,1.08,0.19
granite,236,9,14.3,1.12,0.1
granite,132,8.6,14.1,2.91,0.06
granite,333,9.4,11,1.65,0.16
granite,212,6.7,9,1.84,0.17
granite,284,5.9,17,1.26,0.2
granite,313,5.8,19.2,1.6,0.2
granite,295,9.1,14.8,1.35,0.07
granite,299,5.2,23.5,1.53,0.08
granite,243,8.5,18.3,1.48,0.09
granite,258,5.7,26,1.65,0.08
granite,276,6,8.23,1.95,0.12
granite,269,9.4,37,1.69,0.16
granite,87,10.8,9.89,1.6,0.06
granite,99,6.47,5.6,1.86,0.05
granite,300,9.31,29.3,2.02,0.08
granite,264,10.5,42.5,1.77,0.05
granite,217,11.3,37,1.61,0.06
granite,224,11.7,41.4,1.53,0.05
granite,207,13.6,39.5,1.47,0.09
granite,239,12.4,24.7,1.51,0.05
granite,323,9.79,41,1.82,0.08
granite,258,9.97,36.3,1.66,0.05
granite,304,7.07,40,1.82,0.06
granite,259,8.52,20.1,2.01,0.04
granite,96,7.55,24.9,2.19,0.13
granite,245,8.7,23.1,1.89,0.15
granite,280,6.89,27.2,1.78,0.06
granite,418,10.9,28.8,1.65,0.06
granite,383,9.88,32.3,1.74,0.05
granite,245,9.12,31.2,1.98,0.09
granite,422,17,15,2.15,0.08
granite,120,10.2,13.2,1.92,0.06
granite,177,26.5,30.6,1.24,0.05
granite,188,23.8,37.3,1.4,0.05
granite,214,16,30.5,1.34,0.06
granite,286,9.56,20.2,1.52,0.06
granite,319,12.1,8.95,1.72,0.1
granite,137,6.13,12.6,2.15,0.05
granite,216,8.73,12.4,2.16,0.04
granite,212,9.98,31.9,1.43,0.05
granite,259,8.25,36.5,1.62,0.04
granite,245,7.09,37.2,1.7,0.04
granite,262,7.87,35.4,1.59,0.05
granite,239,10.6,28.2,1.51,0.04
granite,80,7.35,24.8,1.63,0.04
granite,235,8.7,18.3,1.63,0.1
granite,264,8.62,29.7,1.65,0.05
granite,243,6.9,20.2,1.74,0.04
granite,311,7.12,18,1.94,0.04
granite,220,7.4,42.2,2.07,0.06
granite,211,4.8,65.1,2.71,0.07
granite,324,7.3,44.8,2.5,0.1
granite,241,9,18.9,1.96,0.09
granite,348,9.3,16.5,1.89,0.14
granite,154,5.2,15.5,1.84,0.17
granite,265,7.4,14.3,2.02,0.07
granite,288,6.7,15.5,1.96,0.07
granite,250,6.6,17.1,1.65,0.08
granite,185,6.8,16.3,1.53,0.06
granite,161,7.1,16.9,1.51,0.08
granite,195,7.7,15.5,1.57,0.09
granite,199,8.4,18.3,1.61,0.07
granite,199,8.8,24.1,1.65,0.07
granite,256,8.7,28.5,1.77,0.08
granite,322,7.9,24.5,1.8,0.07
granite,370,6.8,25.1,2.09,0.08
granite,182,6.1,17.4,2.18,0.07
granite,342,9.3,15.8,1.98,0.08
granite,214,8.4,14.5,2.02,0.08
granite,184,7.7,20.8,1.99,0.08
granite,200,8.2,26.5,1.97,0.07
granite,182,5.6,28.7,1.87,0.07
granite,228,7.1,29.9,1.9,0.06
granite,198,7.5,24.2,1.82,0.06
granite,269,8.3,19.6,1.93,0.06
granite,228,6.6,25.8,2.06,0.06
granite,236,6.6,22.7,1.89,0.07
granite,194,6.4,20.3,1.75,0.07
granite,187,6.3,23.8,1.6,0.08
granite,258,6.7,10.9,1.76,0.09
granite,203,7.2,21.5,1.76,0.08
granite,213,8,26.5,1.91,0.12
granite,211,7.3,23.2,1.88,0.07
granite,260,6.3,19.4,1.84,0.11
granite,199,7.7,16.3,1.92,0.07
granite,205,10.1,16.5,1.45,0.07
granite,175,11.5,18.1,1.52,0.12
granite,124,24,23,0.92,0.47
granite,114,49,15,0.86,0.1
granite,332,4.01,54,1.04,2.1
granite,66,11.7,20,1,0.56
granite,150,19.4,37,1.86,0.3
granite,91,15,27,1.77,0.16
granite,87,17.8,24,1.3,0.08
granite,110,7.61,25,1.96,0.06
granite,233,17.2,38,1.45,0.03
granite,234,17.4,38,1.42,0.07
granite,205,16.9,26,1.37,0.06
granite,202,15.9,27,1.17,0.08
granite,198,60,20.9,0.9,0.209
granite,158,74,19.3,0.72,0.14
granite,156,46,16,0.84,0.155
granite,143,49,22.1,0.77,0.052
granite,149,52,23.4,0.8,0.123
granite,136,73,23.5,0.68,0.07
granite,138,73,26.9,0.66,0.121
granite,107,18.2,4.5,1.46,0.11
granite,127,15.9,12.8,1.01,0.16
granite,235,16.7,18.7,1.21,0.07
granite,132,19.4,26.8,0.95,0.06
granite,197,20.5,9.2,1.1,0.08
granite,310,34.1,14.9,0.72,0.07
granite,141,23.2,9.8,0.85,0.06
granite,117,27.7,15.5,1.01,0.07
granite,109,29.2,19,1,0.07
granite,149,20.8,12.2,1.19,0.09
granite,226,7.82,5.53,2.42,0.05
granite,69,12.5,14.9,0.71,0.09
granite,76,17.5,8.71,0.83,0.07
granite,117,18.3,11.1,0.74,0.04
granite,130,24.3,12.1,0.85,0.04
granite,106,30.9,12.8,0.62,0.03
granite,114,42,16.5,0.66,0.06
granite,121,45.9,11.5,0.59,0.04
granite,136,48.4,14,0.61,0.03
granite,119,57.9,17.6,0.62,0.03
granite,139,67.1,17.1,0.53,0.07
granite,131,88.8,23.1,0.55,0.03
granite,117,94.4,14.5,0.54,0.06
granite,166,109,19.6,0.51,0.05
pegmatite,231,1.97,0.38,3.26,0.03
orogenic,1157.7,3.5,24.7,4.53,6.69
orogenic,728.2,2.3,10.3,4.28,6.85
orogenic,408.2,1,9.6,1.95,8.69
orogenic,961.9,3.1,10.7,3.33,3.81
orogenic,895.9,2.3,2.9,4.17,8.14
orogenic,504,1.4,2.4,2.28,4.23
orogenic,735.2,3.1,8.8,3.27,7.18
orogenic,269.2,0.7,2.8,1.83,3.69
orogenic,135.1,0.7,4.5,1.93,0.26
orogenic,631.1,1.9,30.9,2.1,0.36
orogenic,836.9,2,43.8,5.41,0.04
orogenic,192.8,0.9,8.9,3.38,0.09
orogenic,333.9,0.6,17.6,1.73,0.03
orogenic,92.3,0.5,4.1,2.58,0.02
orogenic,102.5,0.5,3.6,2.43,0.04
orogenic,103.4,0.6,3.5,2.31,0.07
orogenic,475.7,2,22.7,5.71,0.16
orogenic,106.6,0.8,4.3,2.01,0.14
orogenic,806,3.7,40.9,4.84,0.08
orogenic,106.8,0.2,5.3,1.54,0.03
orogenic,131,0.2,8.9,2.5,0.36
orogenic,130.4,0.5,9,3.76,0.1
orogenic,56.4,0.5,3.4,1.7,0.08
orogenic,20,0.1,0.8,0.37,0.02
orogenic,119.4,0.7,8.4,2.54,0.02
orogenic,299,1.4,18.2,3.37,0.12
orogenic,27,0.4,1.1,1.42,0.21
orogenic,116.9,0.2,8.8,0.86,0.02
orogenic,510.8,0.9,30,3.31,0.03
orogenic,81.7,0.3,3,1.26,0.08
orogenic,387.7,1.5,15.6,2.2,0.38
orogenic,365.8,1.1,13.8,4.07,0.21
orogenic,224.9,0.6,12.6,3.06,0.02
orogenic,42.7,0.4,1.8,1.74,0.02
orogenic,115.8,0.4,4.6,1.55,0.15
orogenic,662.9,1.2,40.7,5.47,0.37
orogenic,738.7,1.8,50.9,4.77,0.52
orogenic,646,1.5,42.8,4.11,0.12
orogenic,680.8,1.4,35.3,4.48,0.62
orogenic,11.2,0.1,0.1,1.34,0.02
orogenic,1223.8,3.5,71.2,5.9,0.05
orogenic,33.4,0.2,1.2,1.12,0.12
orogenic,446.9,1.5,27.5,3.47,0.14
orogenic,663.9,1.7,39.5,4.38,0.06
orogenic,1029,2.8,65.6,5.54,0.05
orogenic,802.8,1.8,45.6,3.9,0.2
orogenic,588.6,0.9,34.3,6.34,0.11
orogenic,35.3,0.1,0.9,1.6,0.08
orogenic,1904.6,0.6,67.6,1.3,0.14
orogenic,1912.1,0.8,63.7,1.24,0.03
orogenic,1393,0.5,55.5,2.02,0.02
orogenic,1979.1,1.3,65.5,1.1,0.06
orogenic,1990.3,0.9,67.3,1.59,0.04
orogenic,1978.9,0.8,68,1.45,0.33
orogenic,2389.8,1.2,105.9,3.32,0.1
orogenic,283,1.23,3.234,12.239,1.481
orogenic,92.02,0.229,0.746,6.622,0.267
orogenic,86.867,0.192,2.074,7.19,0.063
orogenic,81.7,0.139,0.879,8.92,0.123
orogenic,3027,1.185,3.809,10.554,9.573
orogenic,3054,2.479,10.016,14.717,8.316
orogenic,3315,3.563,11.957,15.661,3.811
orogenic,2132,0.615,22.469,17.025,2.348
orogenic,2279,0.656,23.275,21.605,1.351
orogenic,2470,1.097,24.025,35.855,1.041
orogenic,3380,0.88,10.779,10.436,16.19
orogenic,3209,1.063,1.106,9.466,8.135
orogenic,2524,1.051,8.368,11.243,5.283
orogenic,2974,0.68,8.061,12.149,33.619
orogenic,3237,0.673,3.323,10.753,16.508
orogenic,126,0.123,0.129,6.388,2.091
orogenic,418,0.228,6.674,8.425,3.006
orogenic,98.706,0.328,0.252,5.204,0.952
orogenic,65.994,2.948,0.227,4.962,1.401
orogenic,132,0.241,0.748,5.594,2.817
orogenic,96.347,0.476,0.235,8.189,0.547
orogenic,54.629,0.441,0.066,5.163,1.138
orogenic,24.52,0.124,0.054,6.098,1.057
orogenic,55.573,0.209,0.097,6.499,0.712
orogenic,18.392,0.173,0.04,5.823,0.44
orogenic,88.626,0.178,0.416,8.484,0.461
orogenic,67.673,0.266,0.148,6.319,0.142
orogenic,126,0.674,2.761,10.978,0.196
orogenic,195,0.277,3.391,8.839,0.884
orogenic,33.649,0.128,0.243,5.195,0.737
orogenic,2005,0.87,28.467,13.783,4.01
orogenic,3291,2.394,7.321,10.925,13.011
orogenic,126,0.83,4.432,3.244,3.696
orogenic,2486,4.74,2.744,9.658,12.465
orogenic,1793,2.232,17.984,9.14,6.787
orogenic,186,0.567,2.984,10.358,0.402
orogenic,68.289,0.369,0.047,5.32,1.126
orogenic,75.985,0.188,0.047,5.592,1.24
orogenic,112,0.784,0.039,5.507,2.807
orogenic,81.108,0.76,0.038,5.818,2.042
orogenic,120,0.831,0.043,4.462,1.262
orogenic,66.378,0.923,0.085,5.455,2.061
orogenic,122,0.706,0.105,6.683,2.138
orogenic,111,0.536,0.248,6.03,5.815
orogenic,19.597,0.096,0.042,5.535,1.622
orogenic,21.038,0.102,0.037,5.935,0.643
orogenic,70.568,0.107,0.069,7.11,0.874
orogenic,93.473,0.425,0.486,6.304,1.858
orogenic,68.719,0.238,0.165,8.673,0.709
orogenic,87.797,2.738,0.118,7.823,2.544
orogenic,147,6.421,0.057,5.799,1.873
orogenic,37.187,8.94,0.059,5.467,0.964
orogenic,106,0.318,3.236,12.276,0.468
orogenic,37.177,0.249,0.073,6.568,0.518
orogenic,143,0.401,1.483,10.342,0.476
orogenic,76.288,0.294,0.413,7.98,0.456
orogenic,74.214,3.668,0.751,8.249,0.262
orogenic,92.01,0.264,2.57,8.675,0.195
orogenic,93.858,0.309,1.786,8.24,0.075
orogenic,77.882,3.353,0.471,7.436,0.568
orogenic,28.028,0.222,0.05,5.442,0.272
orogenic,2316,0.78,3.5,10.792,6.445
orogenic,2841,0.747,2.899,9.901,14.134
orogenic,30.357,0.094,0.234,6.225,0.659
carlin,322.1089721,0.394444107,8.30750407,5.552371512,0.870213812
carlin,204.4415904,0.090744691,2.177957945,4.813755698,0.598122566
carlin,45.78559604,0.087307348,0.122787752,2.633690909,0.326448937
carlin,41.23400125,0.083934658,0.045223644,2.53291765,0.407654932
carlin,73.37268947,0.077929081,0.294770702,2.62727988,0.602103124
carlin,321.5523,0.107803023,3.049972837,3.223666699,0.41140808
carlin,108.2691926,0.101407844,0.763344852,2.839127629,0.324224392
carlin,50.06729011,0.028216189,0.045432562,3.063827538,0.192545211
carlin,380.0112858,0.213604829,4.725566034,6.189211091,1.558590376
carlin,120.683857,0.099192405,1.606155715,4.376958838,0.58811838
carlin,277.4650473,0.043932913,6.577112127,4.250834773,0.961189189
carlin,323.8864807,0.039695563,8.277873505,3.838585077,1.265478596
carlin,408.528457,0.044449212,10.35662236,5.218853248,1.769629747
carlin,228.5643543,0.027741876,5.411315007,4.288770152,0.639601621
carlin,561.4835996,0.161893393,12.11345822,3.671462555,1.627861312
carlin,547.3271819,0.034633537,12.14058282,3.754898304,1.443614182
carlin,347.9557302,0.19499974,5.697554431,2.78318133,0.825525424
carlin,360.6538421,0.148589796,5.621859873,1.698338644,1.923970948
carlin,145.5519101,0.112596162,0.930719254,1.95333032,0.349757741
carlin,95.41529013,0.069536025,0.12480223,1.567143291,0.196303689
carlin,124.3975848,0.087945114,0.586354484,2.270169922,0.800805333
carlin,283.9086002,0.095825307,7.676089887,2.929689748,0.426720928
carlin,203.2395807,0.011014604,1.070485199,1.100893821,0.194682445
carlin,292.7975785,0.067154021,6.068608347,2.492910969,0.891397821
carlin,83.70175376,0.092373553,0.168101772,2.193276493,0.03655693
carlin,52.86121465,0.077335067,0.559271145,1.042526643,0.074660988
carlin,94.43165198,0.037273306,1.448113342,2.973592401,0.045055565
carlin,136.1505294,0.11771436,0.538926485,3.866538384,0.053614219
carlin,102.6472602,0.096369007,1.136382804,2.902850502,0.126390967
carlin,1012.419179,0.75443293,25.0885812,11.97996956,2.065867703
carlin,561.6532179,0.281004582,13.41339331,9.952030042,1.442413933
carlin,1422.593136,0.257253741,36.32818273,7.945750719,1.729530327
carlin,1341.128961,0.5746393,28.85322726,10.93492681,5.176598109
carlin,1952.581436,0.253179531,83.98060044,7.642332545,1.787122774
carlin,1382.753263,0.145084284,51.91875219,7.173824371,2.03035372
carlin,1391.593994,0.251590255,52.54870294,6.65868083,3.616366149
carlin,885.4205893,0.413906741,26.09271587,5.320110749,1.189495497
carlin,845.8235109,0.227103339,28.66472509,6.06827458,2.630381702
carlin,950.3481644,0.206540185,25.35372255,5.932361365,3.497583459
carlin,845.1911149,0.123057185,18.32683253,6.123802714,2.968255421
carlin,2017.770374,0.012815849,93.52699648,3.716740315,2.275762159
carlin,385.1411739,0.24225548,12.58405324,4.904648143,0.079754857
carlin,576.9100891,0.281551888,15.14412909,5.50961503,0.244603353
carlin,594.6646161,0.501335121,16.18925197,7.47514906,0.249371084
carlin,741.4402068,0.277078862,41.2168268,4.1684802,0.019245102
carlin,715.0492368,0.27904879,29.41566637,3.624090021,0.150205736
carlin,609.7718025,0.498592193,19.18230873,6.882165605,0.094599308
carlin,636.8463274,0.530051691,18.65067169,7.200294478,0.22002177
carlin,789.3528961,0.208715367,26.52800534,3.560985759,0.058643939
carlin,700.8180376,0.482319096,22.0098415,7.355031487,0.092445063
carlin,636.8594122,0.393822716,18.10179549,6.169362085,0.120858487
carlin,605.1004924,0.145187363,26.73702972,4.892844728,0.279164519
carlin,784.5101795,0.460931758,22.87332771,7.391044734,0.29976451
carlin,507.0199021,0.184159811,21.77031623,2.378173177,0.389732768
carlin,504.7477498,0.360827127,17.29386908,2.944939588,0.080920189
carlin,688.8099489,0.511779381,24.65118181,7.835649717,0.081061556
carlin,595.976775,0.400247873,20.36305311,10.55249666,0.344677273
carlin,630.4832193,0.228875234,30.2389078,4.510150835,0.046671453
carlin,763.7493728,0.180948435,32.82786749,3.058704089,0.007493881
carlin,340.1524204,0.196599429,10.17929982,1.775150434,0.08254559
carlin,637.9366432,0.164304496,22.71099291,3.005716984,0.416200312
carlin,735.9034528,0.145642987,28.78125325,2.953036208,1.321219944
carlin,715.814744,0.510121055,16.04913135,4.877284211,0.504416988
carlin,524.0991083,0.11346215,16.81355063,4.698393395,1.100764301
carlin,2098.840505,0.414530496,93.23960572,4.439166642,1.458239021
carlin,1414.181274,0.299556675,70.6896656,2.904149383,0.041401095
carlin,1362.308535,0.403869197,52.10568103,3.14003495,0.035765139
carlin,1542.958437,0.932975955,40.6581448,4.314710637,0.162316283
carlin,1626.107494,0.348466706,50.18351602,7.60521139,0.478513935
carlin,1738.279828,0.963599167,48.65438585,9.319251494,0.029959966
carlin,1621.849038,0.723246114,46.48206504,10.05216443,0.033472073
carlin,1785.00244,0.413177989,48.36504506,11.76385048,0.1065077
carlin,1890.983952,0.491566534,33.25612029,10.96158299,0.085351323
carlin,2547.242077,0.842825425,79.71372041,7.658115241,0.222718654
carlin,1751.183414,0.603700491,64.56410104,10.54360453,0.125885519
carlin,1538.750876,0.350284183,58.06065228,9.483909333,0.31055221
carlin,1672.189916,0.739543743,74.29598418,7.378898231,0.00346886
carlin,1996.626309,0.881080635,98.25218615,3.820843846,0.012549293
carlin,1644.631419,0.768309253,83.49289695,3.947853135,0.00127116
carlin,1778.747518,0.844892892,87.89274584,3.476454747,0.455549408
carlin,887.5537874,0.42019054,36.07378067,2.106950773,0.314991327
carlin,1002.865835,0.553037839,39.02419339,2.838952056,0.049929563
carlin,1028.298674,0.678839181,33.01528834,3.305103155,0.059065486
carlin,1002.465892,1.017430344,29.86726372,4.10709803,0.043774649
carlin,1081.840609,0.768353664,30.38312234,3.558399643,0.123405269
carlin,1042.278399,0.63701674,29.84138355,3.376730683,0.015834711
carlin,883.6446048,0.294249262,31.50898058,2.131654885,0.055409358
carlin,840.6951254,0.366793392,24.64910619,2.17493935,0.009728668
carlin,895.1961024,0.442239575,35.72188143,2.466732695,0.022401733
carlin,920.2431317,0.53251604,28.80132902,2.868599418,0.023697541
carlin,821.343704,0.35565258,31.29189906,1.789586948,0.063945297
carlin,402.5291182,0.106899915,14.09634837,0.997231389,0.154480354
carlin,1224.261896,1.533187086,28.25427987,3.011348138,0.043807713
carlin,872.5956157,0.432931154,25.70262152,2.788672869,0.001492286
carlin,929.9504612,0.88672897,22.33179366,3.332980491,0.000671697
carlin,932.2083136,0.7358689,21.40395394,3.670288825,0.002424504
carlin,886.7519223,0.421675927,31.70355376,2.853949795,0.008946565
carlin,803.6441146,0.78811079,24.97261562,4.182935591,0.004155
carlin,790.9945253,0.703944274,14.46724569,3.888068481,0.016997714
carlin,723.0224687,0.792752739,11.59991811,4.038739528,0.01996666
carlin,991.0141687,0.493384001,24.877609,2.750826438,0.003028029
carlin,1098.639887,1.058688867,26.66437176,3.582127014,0.016677282
carlin,720.8289332,0.231882057,42.14718888,2.066364949,0.001989619
carlin,733.2403629,0.479921518,38.43256001,3.164980326,0.000780557
carlin,730.4589233,0.681704994,36.97495468,3.57036403,0.010311514
carlin,1110.121206,0.928893264,59.99459738,3.125821099,0.006419117
carlin,793.8592776,0.345568559,27.59954599,2.052924766,0.012196138
carlin,658.7007396,0.591492386,20.34303653,3.072299038,0.005474415
carlin,2577.358912,0.136504295,51.15871157,3.638665639,0.11558831
carlin,2744.73909,0.204568119,41.21436266,1.86981827,0.004211933
carlin,2331.542301,0.267888161,71.24434685,8.478314474,0.005485153
carlin,2449.517151,0.617472167,91.94652666,11.68519061,0.016698583
carlin,2419.931753,0.506673114,96.61636885,11.99106223,0.020231773
carlin,2411.591045,0.550410587,92.89874269,12.5993187,0.018945632
carlin,2339.940841,0.606773828,89.61760635,12.05605611,0.011680899
carlin,2495.644797,0.756406603,84.57649434,9.755143479,0.026466736
carlin,2342.484083,0.864659629,75.82283418,10.36690596,0.034861701
carlin,2096.337936,0.762560012,62.21146974,12.2333653,0.481963467
carlin,3105.098543,0.053317374,42.31089491,0.790418499,0.002338915
carlin,2699.687366,0.095903463,109.3040224,1.686615034,0.005197402
carlin,2574.270718,0.071706044,124.9896058,6.278502122,0.01207749
carlin,2177.32127,0.421445069,82.12378536,10.34940585,0.025311099
carlin,2375.898105,0.683063708,103.1100941,10.07513678,0.031632618
carlin,2417.980211,0.667001091,96.92417403,9.633037137,0.028591518
carlin,2315.875483,0.126222986,62.54802602,4.775281357,0.004382369
carlin,2425.395725,0.08864655,33.13519271,2.546432732,0.037220544
carlin,2909.378104,0.005279828,36.17508592,1.85274106,0.015319418
porphyry,118.2503,40.58,0.23,1.305,0.1128
porphyry,175.6265,39.81,0.16,1.407,0.1028
porphyry,158.28,43.91,0.318,1.11,0.0382
porphyry,86.3892,35.45,0.341,1.39,0.0788
porphyry,96.0768,36.29,0.303,1.43,0.067
porphyry,120.951,37.14,0.42,1.043,0.0293
porphyry,81.864,31.4,0.559,1.21,0.082
porphyry,100.7208,35.05,0.386,1.33,0.162
porphyry,61.992,31.85,0.176,1.66,0.0672
porphyry,83.3544,40.1,0.117,1.53,0.0367
porphyry,61.7652,38.19,0.167,1.36,0.0341
porphyry,91.8864,37.87,0.185,1.501,0.0461
porphyry,69.61,45.61,0.132,2.92,0.038
porphyry,67.59,33.7,0.1,2.84,1.402
porphyry,85.8,26.75,0.173,1.69,0.0586
porphyry,53.08,33.74,0.088,1.59,0.0211
porphyry,60.91,30.56,0.202,1.96,0.501
porphyry,71.85,52.68,0.212,1.04,0.0505
porphyry,77.11,88.52,0.102,1.36,0.16
porphyry,129.13,88.66,0.29,2.08,0.473
porphyry,117.86,64.45,0.322,1.07,0.057
porphyry,99.16,42.6,0.214,1.29,0.199
porphyry,69.94,38.8,0.529,1.69,0.0312
porphyry,88.3728,56.14,0.662,2.11,0.641
porphyry,92.8583,38.71,0.586,1.71,1.096
porphyry,98.1654,48.77,0.77,1.51,0.255
porphyry,99.1914,37.63,0.699,1.84,1.014
porphyry,87.8074,37.79,0.757,1.54,0.976
porphyry,70.11,37.11,0.771,1.95,0.252
porphyry,65.6754,46.38,0.841,1.496,0.19
porphyry,73.4388,45.08,0.783,1.275,0.288
porphyry,98.8038,24.37,0.799,1,0.427
porphyry,85.0098,33.86,1.002,1.92,0.171
porphyry,60.9444,36.65,0.461,1.573,0.321
porphyry,78.9678,38.08,0.986,1.35,0.36
porphyry,86.0397,34.58,1.08,1.89,1.239
porphyry,67.0092,34.89,1.56,1.04,0.127
porphyry,80.1306,34.75,1.58,0.847,0.0424
porphyry,81.9318,54.74,0.105,1.36,0.176
porphyry,104.253,42.07,0.594,1.244,0.378
porphyry,109.1436,58.09,0.134,1.34,0.209
porphyry,73.5186,24.98,0.106,1.39,0.137
porphyry,56.6238,30.16,0.135,1.2,0.089
porphyry,74.4876,47.56,0.072,1.122,0.0878
porphyry,60.249,49,0.128,0.82,0.417
porphyry,101.949,34.75,0.157,1.66,0.349
porphyry,84.0864,25.31,0.104,1.219,0.277
porphyry,91.2228,25.35,0.3,1.55,0.124
porphyry,117.534,54.95,0.099,0.988,0.265
porphyry,73.587,27.39,0.14,0.91,0.0225
porphyry,108.88,54.07,0.191,1.47,0.381
porphyry,91.95,61.93,0.55,1.64,0.077
porphyry,119.51,78.97,0.222,1.63,0.139
porphyry,126.11,38.14,0.356,1.32,0.08
porphyry,155.63,40.71,0.128,1.33,0.096
porphyry,144.66,57.34,0.389,1.23,0.131
porphyry,80.26,54.19,0.289,1.48,0.126
porphyry,66.23,42.25,0.182,1.14,0.0409
porphyry,79.82,51.45,0.157,1.24,0.096
porphyry,170.18,38.79,0.21,2.92,0.034
porphyry,89.2,41.19,0.63,1.46,0.201
porphyry,129.34,40.47,0.267,2.18,0.503
porphyry,80.95,30.94,0.125,1.18,0.0872
porphyry,113.69,66.22,0.409,1.064,0.0268
porphyry,79.3,52.39,0.237,1.56,0.0719
porphyry,91.06,55.44,0.126,1.17,0.0268
porphyry,120.13,62.65,0.79,1.05,0.0257
porphyry,96.89,67.81,0.181,0.9,0.0425
porphyry,112.09,57.28,0.19,1.26,0.0336
porphyry,66.14,38.97,0.251,1.32,0.02
porphyry,89.36,49.05,0.137,1.25,0.128
porphyry,57.22,47.28,0.151,1.09,0.091
porphyry,58.4668,15.71,0.272,1.88,0.085
porphyry,47.5076,14.1,0.18,1.82,0.0262
porphyry,59.1052,10.33,0.23,2.02,0.298
porphyry,43.092,16.25,0.15,1.94,0.211
porphyry,49.1834,18.41,0.125,1.38,0.157
porphyry,62.0312,33.04,0.167,1.64,0.235
porphyry,55.4477,22.95,0.154,1.7,0.088
porphyry,108.3551,15.35,0.39,1.61,0.109
porphyry,51.5109,16.35,0.29,1.24,0.055
porphyry,60.7943,20.48,0.175,1.88,0.115
porphyry,82.3403,22.97,0.139,1.53,0.0203
porphyry,79.5074,16.16,0.722,1.44,0.078
porphyry,80.465,16.61,0.413,1.54,0.242
porphyry,85.0269,11.82,0.31,1.7,0.215
porphyry,57.057,15.17,0.17,1.11,1.083
porphyry,65.9547,15.36,0.379,1.36,0.058
porphyry,118.5429,14.68,0.44,1.82,0.08
porphyry,79.2528,22.55,0.546,1.79,0.303
porphyry,88.293,15.93,1.09,2.67,0.099
porphyry,69.0042,12.11,0.406,2.22,0.403
porphyry,72.4698,18.73,0.678,2.49,2.156
porphyry,78.6486,19.78,0.614,2.17,1.585
porphyry,82.137,24.79,1.56,1.9,0.369
porphyry,84.417,26.73,2,1.82,0.397
porphyry,73.5528,22.88,0.731,1.341,0.276
porphyry,68.0124,25.84,0.904,1.87,0.315
porphyry,74.4192,21.94,0.874,1.9,0.191
porphyry,76.9386,26.81,0.867,1.74,0.228
porphyry,101.0268,24.18,0.737,1.606,0.344
porphyry,81.8976,27.37,0.705,1.63,0.359
porphyry,60.876,17.48,0.99,2.53,0.111
porphyry,135.5232,15.53,1.08,2.59,0.262
porphyry,93.1152,20.13,0.554,1.92,0.23
porphyry,79.4922,23.32,0.49,1.42,0.384
porphyry,83.6304,22.19,0.878,1.27,0.138
porphyry,64.2276,24.66,0.354,1.73,0.434
porphyry,68.0808,22.78,0.615,2.57,0.479
porphyry,85.02,35.41,0.152,1.31,0.093
porphyry,99.8,64.41,0.342,1.03,0.0318
porphyry,89.22,57.95,0.142,0.7,0.151
porphyry,95,39.6,0.362,1.15,0.0533
porphyry,75.46,38.63,0.092,1.27,0.0154
porphyry,95.09,43.76,0.128,1.43,0.082
porphyry,73.11,38.49,0.35,0.8,0.0077
porphyry,79.09,41.98,0.43,1.54,0.0277
porphyry,40.5251,15.67,0.418,1.36,0.0752
porphyry,55.8467,16.28,0.675,1.24,0.12
porphyry,36.3622,18.17,0.44,1.29,0.115
porphyry,41.762,15.2,0.208,1.96,0.265
porphyry,43.2915,14.73,0.392,0.76,0.0579
porphyry,47.4411,14.71,0.8,1.87,0.123
porphyry,56.7245,24.83,0.227,1.29,0.124
porphyry,68.5216,19.23,0.9,1.25,0.2
porphyry,85.4392,17.44,0.626,1.97,0.167
porphyry,69.0536,14.19,0.53,1.04,0.535
porphyry,60.7411,11.37,0.215,1.78,0.152
porphyry,54.1975,11.73,0.385,1.33,0.273
porphyry,49.7154,24.59,0.514,2.8,0.086
porphyry,56.525,12.45,0.379,1.85,0.091
porphyry,77.1932,26.54,0.31,3.24,0.197
porphyry,57.419,16.86,0.483,1.22,0.935
porphyry,69.3316,18.02,0.67,1.76,0.993
porphyry,50.4912,14.66,0.84,1.86,0.277
porphyry,51.0138,18.43,0.615,2.21,0.359
porphyry,88.44,19.25,1.93,1.94,0.265
porphyry,90.852,15.82,0.49,2.02,1.03
porphyry,79.9176,18.08,1.51,1.57,1.31
porphyry,40.4278,14.62,0.419,2.14,0.063
porphyry,60.9566,11.93,1.49,3.3,0.37
porphyry,111.7158,32.02,0.634,0.99,2.27
porphyry,60.1258,14.84,0.82,2.33,0.07
porphyry,52.93,13.62,1.17,1.54,0.0395
porphyry,56.9902,14.99,0.709,2.19,0.308
porphyry,114.7174,17.94,2.67,2.13,0.438
porphyry,48.0926,11.27,1.2,2.44,0.342
porphyry,64.6818,16.16,0.3,2.24,0.557
porphyry,46.1094,18.72,0.701,1.39,0.179
porphyry,149.5574,16.39,3.52,2.58,0.613
porphyry,65.3116,12.66,0.463,2.72,0.684
porphyry,113.5872,12.25,1.39,1.7,0.057
porphyry,48.8784,7.17,1.255,1.32,0.093
porphyry,79.6416,7.28,1.375,1.7,0.0364
porphyry,85.4964,8.53,1.367,2.47,0.0975
porphyry,76.2246,4.39,1.13,2.08,0.632
porphyry,81.1614,2.42,1.36,2.68,0.0213
porphyry,218.8614,4.6,1.88,5.32,0.0137
porphyry,64.6161,8.65,1.68,2.17,0.0199
porphyry,89.6292,9.89,3.52,1.42,0.0415
porphyry,130.806,8.32,3.14,1.46,0.0318
porphyry,43.0344,5.92,1.42,1.52,0.044
porphyry,88.0812,5.45,2.25,1.54,0.089
porphyry,81.3087,4.13,1.53,2.26,0.312
porphyry,70.1244,8.44,1.18,2.28,0.0448
porphyry,78.1611,7.46,2.66,1.75,0.0307
porphyry,90.1323,6.88,3.09,2.27,0.0437
porphyry,58.0482,6.19,2.18,2.03,0.0224
porphyry,92.0856,7.75,4.71,1.58,0.01
porphyry,36.1386,4.62,1.475,1.98,0.0164
porphyry,68.0442,5.49,2.43,1.396,0.0157
porphyry,90.3822,8.78,0.78,1.62,0.061
porphyry,132.7734,4.16,1.54,3.27,0.034
porphyry,172.584,3.31,2.79,4.55,0.0292
porphyry,193.7128,5.79,1.649,3.03,0.0292
porphyry,300.9728,4.58,1.901,2.91,0.0534
porphyry,80.4264,4.17,1.864,1.544,0.0551
porphyry,104.3956,8.8,2.41,2.41,0.0433
porphyry,92.256,8.37,1.12,1.88,0.086
porphyry,50.6416,6.57,0.66,2.32,0.16
porphyry,225.5188,10.9,2.49,2.08,0.204
porphyry,60.574,5.06,1.29,1.79,0.061
porphyry,119.336,8.23,1.65,2.52,0.0461
porphyry,49.1536,5.12,0.466,2.78,0.059
porphyry,55.8992,6.45,1.228,2.11,0.0167
porphyry,302.684,9.48,1.014,1.67,0.0455
porphyry,184.3136,8.54,1.54,1.87,0.0237
porphyry,173.662,8.07,2.41,2.86,0.066
porphyry,247.1196,8.39,0.997,3.02,0.04
porphyry,126.6908,5.16,0.642,3.62,0.056
porphyry,155.6055,2.13,6.67,1.48,0.1
porphyry,189.32346,4.07,9.09,1.33,0.0152
porphyry,151.19496,3.29,6.66,1.21,0.025
porphyry,248.30928,3.3,13.36,1.79,0.0064
porphyry,160.04352,4.6,7.07,1.63,0.0624
porphyry,179.82912,2.51,3.78,2.48,0.287
porphyry,77.98824,2.33,2.87,1.23,0.0513
porphyry,122.31348,2.35,4.05,1.92,0.017
porphyry,93.69306,3,3.19,1.53,0.035
porphyry,114.99006,2.26,5.02,1.43,0.0065
porphyry,144.6135,2.5,5.14,2.52,0.0373
porphyry,128.99112,1.54,6.1,2.23,0.006
porphyry,145.46538,2.13,7.08,1.24,0.0037
porphyry,187.66092,3.36,8.62,1.55,0.127
porphyry,143.7891,2.34,3.02,3.71,0.249
porphyry,94.61364,3.28,3.74,1.64,0.0327
porphyry,156.88332,3.14,3.67,1.28,0.0436
porphyry,99.43638,2.5,2.52,1.52,0.0552
porphyry,59.1213,1.69,1.91,2.37,0.0106
porphyry,113.4063,2.41,2.69,3.89,0.067
porphyry,110.5299,1.81,3.99,3.11,0.016
porphyry,76.6758,4.39,1.1,2.35,0.144
porphyry,68.4696,4.5,1.54,2.51,0.0326
porphyry,109.3737,3.62,2.65,2.15,0.0073
porphyry,62.0796,6.12,0.844,2,0.0496
porphyry,109.296,7.09,2.77,2.51,0.0368
porphyry,180.7476,7.95,3.79,1.77,0.0542
porphyry,137.5968,6.74,4.96,1.73,0.0444
porphyry,104.016,5.53,1.37,2.15,0.0567
porphyry,112.6488,8.76,2.96,2.18,0.017
porphyry,151.7868,8.76,2.334,2.08,0.0573
porphyry,127.71,4.65,1.033,2.77,0.19
porphyry,193.8156,6.11,1.29,2.6,0.358
porphyry,117.1104,5.07,1.213,2.27,0.101
porphyry,58.3044,6.32,1.006,1.628,0.0238
porphyry,259.38,9.73,1.231,5.64,0.168
porphyry,191.1492,6.2,0.911,1.94,0.288
porphyry,75.108,7.37,2,1.34,0.024
porphyry,67.7952,5.16,1.583,1.424,0.0306
porphyry,86.6184,5.46,1.621,1.843,0.0419
porphyry,76.6392,4.83,1.365,2.01,0.016
porphyry,108.2928,6.18,1.445,2.56,0.0561
porphyry,105.9828,4.98,1.131,2.13,0.0206
porphyry,66.1848,5.11,1.056,1.78,0.0093
porphyry,56.7,29.4,6.07,1.29,0.01
porphyry,56.1,32.5,6.26,1.1,0.01
porphyry,101,34.6,3.11,1.18,0.98
porphyry,60.5,27.9,6.82,1.21,0.01
porphyry,82.9,27,8.14,1.17,0.07
porphyry,55.9,31.4,5.73,0.82,0.01
porphyry,49.9,32.6,3.61,1.1,0.01
porphyry,49.9,36.3,2.85,0.95,0.03
porphyry,97.5,25,6.78,0.82,0.12
porphyry,105,21.4,7.77,1.98,0.03
porphyry,95.3,24.2,5.79,1.9,0.02
granite,581.95,9.63,63,1.815,0.2178
granite,553.75,10.27,63.3,1.867,0.0229
granite,655.09,10.63,73.69,1.773,0.0862
granite,390.33,8.95,40.92,1.905,0.0703
granite,591.51,11.08,59.45,1.944,0.085
granite,764.74,8.82,78.73,1.949,0.0502
granite,780.59,10.2,80.59,2.044,0.078
granite,749.44,11.06,78.66,1.911,0.1291
granite,465.39,11.19,44.17,1.906,0.0651
granite,887.82,11.87,80.36,1.931,0.0571
granite,627.23,11.08,64.23,1.956,0.1168
granite,753.68,10.06,71.23,1.865,0.0721
granite,807.39,11.95,78.77,2.143,0.0695
granite,783.24,8.69,76.22,1.871,0.0788
granite,744.98,9.49,96.43,2.28,0.0708
granite,772.44,8.78,92.2,1.9,0.0692
granite,685.77,11.37,94.04,1.92,0.121
granite,802.56,15.76,87.28,2.17,0.102
granite,731.7,15.3,76.99,2.16,0.0747
granite,726.89,15.29,83.38,2.41,0.089
granite,837.02,13.44,89.59,2.17,0.12
granite,761.88,13.34,85.97,2.26,0.113
granite,712.77,16.46,87.93,2.35,0.144
granite,813.87,7.53,120.32,1.98,0.0949
granite,810.83,13.49,94.39,1.81,0.01
granite,664.07,7.2,83.84,2.16,0.01
granite,736,16.16,96.14,2.09,0.0836
granite,888.74,6.69,99.83,2.07,0.0446
granite,667.9,10.93,74.53,2.2,0.143
granite,741.32,11.92,80.22,1.99,0.121
granite,830.79,7.75,89.69,1.83,0.0558
granite,727.53,13.95,89,1.93,0.01
granite,804.86,8.54,91.06,1.77,0.079
granite,615.25,14.99,66.82,2.14,0.083
granite,519.72,13.46,51.44,1.59,0.0814
granite,673.2,8.85,82.23,2.08,0.0226
granite,810,9.33,93.77,1.85,0.0809
granite,763.64,17.23,94.79,1.96,0.113
granite,733.9,16.95,78.12,2.12,0.079
granite,656.25,15,71.47,1.91,0.145
granite,885.76,5.75,153.22,1.779,0.1187
granite,862.44,5.04,143.53,2.023,0.0518
granite,847.8,4.09,115.47,1.763,0.0204
granite,866.25,4.64,125.66,1.832,0.0723
granite,759.71,3.55,114.3,1.765,0.1337
granite,986.45,5.18,162.06,2.165,0.0915
granite,808.22,6.7,134.3,2.15,0.0733
granite,791.13,6.38,128.66,2.027,0.1218
granite,871.89,4.56,102.6,1.67,0.0691
granite,806.23,4.29,100.61,1.541,0.0263
granite,904.22,8.08,151.62,2.017,0.0831
granite,910.39,9.8,105.86,1.997,0.233
granite,807.69,8.53,114.1,2.08,0.0631
granite,760.45,5.85,109.39,1.699,0.077
granite,877.52,10.18,137.12,2.06,0.0585
granite,770.79,5.61,97.46,1.784,0.0877
greisen,2710.18,7.14,317.46,2.53,0.0134
greisen,3522.07,8.01,386.13,3.06,0.0245
greisen,2564.34,5.67,270.88,1.39,0.0284
greisen,3021.08,7.15,323.01,2.74,0.0217
greisen,2993.61,7.87,321.79,1.966,0.01
greisen,2487.69,6.77,277.79,2.63,0.0153
greisen,756.25,6.05,157.4,1.94,0.0206
greisen,681.44,7.12,124.41,2.5,0.0267
greisen,574.23,6.7,87.77,1.7,0.0262
greisen,1069.23,6.75,216.46,1.99,0.0404
greisen,492.98,5.91,83.31,1.407,0.0375
greisen,280.09,5.97,66.27,1.29,0.0471
greisen,3444.49,4.14,677.2,11.95,0.038
greisen,3876.01,4.12,713.94,11.46,0.0195
greisen,3625.15,4.13,669.89,12.32,0.01
greisen,4205.08,3.88,786.9,6.72,0.0144
greisen,3891.96,4.01,718.81,11.47,0.0117
greisen,3792.53,4.43,704.54,11.21,0.0127
greisen,3614.98,3.95,709.34,8.86,0.0153
greisen,3860.44,3.35,661.06,8.62,0.0211
greisen,4101.56,3.39,652.65,6.14,0.0119
greisen,3249.41,3.75,582.84,4.32,0.0376
greisen,504.35,2.95,87.96,1.5,0.01
greisen,839.44,3.68,193.95,2.07,0.0249
greisen,651.38,3.06,178.9,1.91,0.0463
greisen,891.87,3.43,213.99,1.95,0.0749
greisen,407.54,3.36,113.3,1.96,0.0214
greisen,2478.38,3.58,397.3,5.29,0.01
greisen,2222.01,1,353.12,3.36,0.0126
greisen,2167.48,1.69,327.98,3.29,0.01
greisen,1864.56,2.5,314.6,2.79,0.01
greisen,3563.07,3.74,422.17,4.72,0.0222
greisen,962.01,2.54,134.77,1.302,0.0305
greisen,1365.85,4,198.76,2.38,0.01
greisen,2669.68,4.14,402.4,4.96,0.01
greisen,425.74,1.71,86.05,3.28,0.01
greisen,727.77,4.7,97.39,3.34,0.0854
greisen,601.84,1.62,93.39,4.05,0.0493
greisen,662.76,3.32,135.45,4.12,0.0309
greisen,590.86,2.36,94.47,4.26,0.0367
greisen,2277.7,5.09,282.66,11.91,0.157
greisen,2935.74,3.19,290.45,9.66,0.0377
greisen,2272.42,6.21,295.13,3.66,0.01
greisen,2067.84,7.13,252.01,4.57,0.01
greisen,509.91,4.6,81.62,2.47,0.01
greisen,1351.77,7.39,174.11,1.938,0.01
greisen,1629.06,5.99,210.67,2.34,0.0105
greisen,1744.52,4.37,232.18,2.37,0.0148
greisen,1689.58,5.78,218.21,2.65,0.01
porphyry,519.44,54.29,58.28,1.13,0.01
porphyry,406.37,42.95,47.52,1.096,0.0405
porphyry,336.05,27.42,37.05,1.268,0.0145
porphyry,460.15,42.91,52.83,1.307,0.0207
porphyry,409.36,35.42,50.58,1.415,0.0241
porphyry,432.43,31.15,46.96,1.275,0.029
porphyry,408,43.25,48.9,1.149,0.0144
porphyry,439.22,45.85,51.79,1.386,0.0158
porphyry,399.4,47.02,52.87,1.343,0.0597
porphyry,443.58,51.73,53.82,1.153,0.01
porphyry,556.95,37.82,100.63,1.481,0.0295
porphyry,390.22,60.04,65.98,1.118,0.0273
porphyry,365.31,43.36,51.26,1.166,0.0261
porphyry,386.12,32.22,46.53,1.447,0.0303
porphyry,393.98,39.51,40.57,1.391,0.0232
porphyry,413.55,43.46,43.55,1.359,0.1087
porphyry,415.28,46.78,41.82,1.16,0.0267
porphyry,453.37,54.57,46.89,1.235,0.0304
porphyry,422.2,43.25,44.67,1.316,0.0721
porphyry,396.82,48,47.94,1.174,0.0211
porphyry,442.02,46.73,48.27,0.972,0.0295
porphyry,380.45,53.74,60.25,1.026,0.0446
porphyry,449.15,51.98,50.64,1.208,0.0207
porphyry,432.71,42.6,41.67,1.04,0.0317
porphyry,473.39,56.86,48.64,1.052,0.034
porphyry,432.48,43.51,46.22,1.075,0.0434
porphyry,389.18,43.85,44.91,1.299,0.0349
greisen,134.6,14.4,27.9,0.9,0.07
greisen,130.3,14,24.9,1,0.08
greisen,208.5,15.1,23.5,0.8,0.06
greisen,147.8,6.6,10.8,1.9,0.05
greisen,304.9,3.9,17.5,2.3,0.1
greisen,387.2,3.1,27.2,1.7,0.05
greisen,59.5,6.4,1.7,1,0.07
greisen,130,1.9,6.4,0.7,0.06
greisen,107.5,0.8,3.7,0.7,0.22
greisen,309.8,4.8,4.6,1.9,0.06
greisen,116.8,4.8,6.9,1.1,0.05
greisen,410.1,5.5,14.4,1.6,0.06
greisen,82.8,3.8,2,2.2,0.05
greisen,347.6,3.6,15.9,1.8,0.04
greisen,84.2,4.4,3.9,1.5,0.05
greisen,437.2,5.8,13.8,1.4,0.08
greisen,371.4,5.6,27.3,1.6,0.82
greisen,560.9,5.3,27.5,1.7,0.07
greisen,33,2.4,4.7,0.1,0.04
greisen,29.2,2.7,2,0.1,0.35
greisen,69.3,0.6,14,0.8,0.07
greisen,103.2,0.9,33.1,0.9,0.04
greisen,35.8,4,3.3,0.1,0.04
greisen,45.1,2.5,1.7,0.1,0.07
greisen,45.1,2.1,2.6,0.1,0.12
greisen,141.1,5.9,3.2,0.1,0.31
greisen,63.6,1.5,3.6,0.6,0.12
greisen,76.6,5.2,3.4,0.3,0.06
greisen,58.9,1.5,2.1,1.5,0.05
greisen,82.3,10.2,2.1,2,0.05
greisen,112.6,13.1,2.5,2.2,0.08
greisen,78.7,10.9,9.7,2.2,0.08
greisen,116.3,11.6,2,1.8,0.04
greisen,130.7,12.4,1.8,2,0.05
greisen,94.2,10.1,3.1,2,0.03
greisen,151.4,8,2.7,2.1,0.08
greisen,179.4,9.4,3.3,2.5,0.22
greisen,80.7,6.6,0.3,1.9,0.02
greisen,10.2,1.2,0.6,0.9,0.06
greisen,37,2.1,1.4,0.2,0.04
greisen,8.2,1.5,1.4,1.9,0.08
greisen,150.5,4,20.7,1.1,0.07
greisen,187.7,0.8,27.9,1.7,0.06
greisen,93,2.9,9.3,0.8,0.02
greisen,136.4,0.9,36.1,1.3,0.05
greisen,165.9,1.6,34.9,1.7,0.05
greisen,148.7,1.6,24.1,1,0.07
greisen,112.5,2.9,35.6,1.4,0.06
greisen,41.5,2.7,0.7,0.8,0.04
greisen,88.1,2.7,1.6,0.9,0.04
greisen,119.3,0.8,9.3,1.7,0.09
greisen,154,1.1,7.5,1.9,0.54
greisen,172.3,2.8,36.1,2.4,0.05
greisen,132.7,2.7,32.2,2.2,0.05
greisen,186.2,2.2,23.5,2,0.03
greisen,63.2,0.9,1,0.6,0.08
greisen,74.5,1.4,9.8,0.7,0.07
greisen,28.1,0.7,4,0.7,0.06
greisen,55.9,1,4.2,0.8,0.06
greisen,52.5,0.4,5.3,0.9,0.05
greisen,30.9,1.2,4.7,1.1,0.07
greisen,136.1,0.6,8.6,1.3,0.06
greisen,110.5,2,10.4,0.4,0.04
greisen,104.7,0.8,10.9,0.5,0.05
greisen,101.4,1.8,16.8,0.6,0.07
greisen,102.9,1.5,12.6,0.6,0.05
greisen,90.9,1.6,5.8,1,0.09
greisen,139.2,0.9,4,1.4,0.09
greisen,121,1.2,6.9,1.3,0.06
greisen,51.3,0.7,5.3,0.9,1.15
greisen,84.4,2.8,1.7,1.5,0.04
greisen,137.3,1.5,9.2,1.9,0.07
greisen,123.8,4.1,4.8,1.8,0.05
greisen,70.8,4.4,7.4,1.5,0.04
greisen,95.8,4.4,5.4,1.5,0.07
greisen,68.3,0.8,6.6,1,0.06
greisen,74.2,0.9,7.2,1,0.05
greisen,30.2,0.7,2.5,1,0.05
greisen,81.9,2.6,6.7,1.7,0.05
greisen,81.2,1.7,5.3,1.5,0.12
greisen,310,6.3,8.2,1.7,0.03
greisen,188.9,4.5,1.6,1.8,0.06
greisen,310.1,5.6,4.3,1.6,0.04
greisen,95.6,6.9,14.3,1.8,0.06
greisen,330.4,6.3,8.4,2.1,0.08
greisen,90.7,6,7.8,1.6,0.14
greisen,233.2,3.3,7.6,1.2,0.1
greisen,97.4,5.9,13.3,1.6,0.06
granite,158.1,70.35,1.08,0.57,0.63
granite,303.06,88.84,0.5,1.12,1.68
granite,480.73,42,0.72,0.76,3.25
granite,480.73,42,0.72,0.76,3.25
granite,443.99,47.32,0.53,0.63,1.79
granite,366.62,84.65,0.72,0.56,4.63
granite,198.49,59.8,2.64,0.68,3.4
granite,342.42,82.43,0.39,0.61,2.49
granite,352.47,60.59,1.17,0.66,2.8
granite,336.96,75.71,0.35,0.62,1.98
IRG,360.82,14.43,0.5,4.56,1.57
IRG,418.96,14.61,0.67,3.85,1.31
IRG,397.55,14.63,0.69,4,1.43
IRG,261.07,11.7,0.75,4.63,1.47
IRG,530.94,17.34,0.55,4.25,2.27
IRG,587.17,18.25,0.53,4.32,2.42
IRG,191.42,13.11,0.72,2.54,1.01
IRG,308.45,24.49,0.5,2.37,1.27
IRG,295,22.27,0.4,2.51,1.17
IRG,270.87,21.79,0.5,2.39,1.14
IRG,434.79,26.57,0.67,1.59,5.97
IRG,382.59,20.79,0.71,1.52,4.74
IRG,343.28,28.87,0.63,1.78,2.9
IRG,443.21,32.71,0.66,2.26,2.98
IRG,378.52,27.97,0.64,1.61,3.06
IRG,357.18,34.88,0.85,2.47,8.36
IRG,184.92,27.96,0.93,1.74,1.13
IRG,214.71,25.65,0.36,2.04,2.53
IRG,178.46,12.82,1.44,1.91,3.62
IRG,217.59,10.98,1.98,3.7,4.25
IRG,257.74,11.3,2.43,2.16,1.82
IRG,239.88,18.85,0.93,2.3,3.31
IRG,196.57,18.55,0.56,2.39,1.11
IRG,302.74,19.28,0.57,2.19,3.12
IRG,234.56,15.6,3.21,3.2,2.04
IRG,204.93,16.54,0.54,2.03,1.76
IRG,253.28,14.51,0.59,1.8,2.93
IRG,211.09,15.06,0.51,1.76,2.24
IRG,262.58,14.56,0.62,1.8,3.09
IRG,303.11,15.64,1.84,2.23,2.22
IRG,247.47,17.08,0.95,2.2,1.82
IRG,251.09,25.6,0.51,2.31,9.69
IRG,263.56,14.91,3.96,3.21,3.12
IRG,253.87,14.32,0.75,3.35,2.92
IRG,240.26,26.15,0.46,2.38,3.08
IRG,363.1,15.86,0.9,2.74,3.02
IRG,260.25,13.66,0.75,3.36,3.5
IRG,367.98,40.22,1.15,1.74,1.17
IRG,493.06,21.69,0.62,2.18,2.69
IRG,743.13,22.58,0.7,2.09,2.69
IRG,381.34,31.1,1.34,1.91,2.06
IRG,668.93,32.01,1.59,3.47,3.74
IRG,695.28,31.07,1.62,3.69,3.96
IRG,239.01,24.8,0.55,1.71,5.13
IRG,400.26,41.52,0.82,1.46,3.61
IRG,466.83,37.06,1.16,1.3,4.82
IRG,380.51,8.1,2.61,1.85,0.96
IRG,418.96,11,2.44,1.58,0.94
IRG,328.96,10.97,2.43,1.85,1.38
IRG,555.34,15.36,3.18,2.09,1.59
IRG,447.32,13.9,2.36,1.77,1.34
IRG,385,7.05,2.08,1.96,1
IRG,232.83,27.85,0.94,1.37,0.4
IRG,384.32,13.13,3.48,1.48,1.33
IRG,309.11,24.51,0.51,1.35,0.3
IRG,264.1,21.63,0.35,1.36,0.37
IRG,136.86,30.84,0.38,1.42,0.74
IRG,113.08,29.99,0.85,1.6,0.25
IRG,105.46,25.05,0.89,1.48,0.5
IRG,134.52,35,0.81,1.43,0.43
IRG,157.85,32.58,0.72,1.54,0.51
IRG,173.99,30.64,0.64,1.6,0.56
IRG,265.54,28.71,0.39,1.43,0.9
IRG,174.89,27.36,0.42,1.46,0.73
IRG,368.31,13.17,1.32,1.98,8.38
IRG,293.08,31.94,0.48,1.34,1.03
IRG,79.08,33.38,0.51,1.48,0.55
IRG,315.04,11.84,2.05,1.54,2.4
IRG,370.2,10.27,0.83,1.83,3.8
IRG,257.46,9.94,2.34,1.3,3.92
IRG,281.39,11.35,0.62,1.89,3.07
IRG,78.08,6.35,1.83,1.66,1.05
IRG,130.62,7.11,2.34,1.59,0.52
IRG,80.64,7.4,0.77,1.38,0.4
IRG,600.73,7.41,0.91,1.46,1.49
IRG,200.18,7.95,8.42,1.63,0.58
IRG,439.6,5.02,2.41,3.63,1.35
IRG,508.76,12.98,0.78,1.59,1.68
IRG,232.11,5.57,2.29,1.54,1.49
IRG,112.74,5.59,2.95,1.37,1.39
IRG,219.18,7.64,1.94,1.82,1.32
IRG,470.47,12.61,1.74,1.76,2.08
IRG,77.75,6.42,0.45,3.95,6.01
IRG,227.4,7.2,3.54,4.19,3.94
IRG,198.53,6.42,3.37,4.29,2.49
IRG,265.53,7.32,4.68,3.72,3.92
IRG,296.7,7.27,6.9,3.66,3.61
IRG,267.76,7.79,3.42,3.27,4.36
IRG,57.3,6.89,0.66,1.63,3.43
IRG,66.27,4.01,0.35,1.51,1.9
IRG,128.71,7.94,1.44,1.96,1.76
IRG,74.3,5.7,3.13,1.43,2.14
IRG,67.4,6.76,1.84,1.51,3.4
IRG,84.92,5.84,1.16,1.76,1.35
IRG,82.13,5.39,0.53,1.53,3.9
IRG,87.42,7.2,1.16,1.37,3.38
orogenic,96.11,33.43,1.78,1.22,0.6
orogenic,167.72,36.96,9.36,1.5,1.09
orogenic,223.84,39.79,0.75,1.24,1.29
orogenic,138.35,29.18,8.44,1.29,0.62
orogenic,158.35,36.98,4.86,1.34,0.47
orogenic,285.39,27.91,0.63,1.74,1.36
orogenic,413.17,27.31,0.69,1.59,0.47
orogenic,355.03,31.41,0.66,1.64,0.79
orogenic,458.07,34.63,0.82,1.38,1.7
orogenic,369.58,28.89,0.46,1.63,0.43
orogenic,500.52,28.22,0.48,1.6,0.54
orogenic,301.43,25.17,0.69,1.41,0.38
orogenic,625.21,30.93,0.72,1.64,0.5
orogenic,234.97,8.7,0.85,1.07,0.33
orogenic,331.68,8.21,0.82,0.99,0.7
orogenic,274.88,8.98,6.43,0.87,0.63
orogenic,244.69,9.6,0.78,1.14,0.67
orogenic,254.11,8.7,3.9,0.81,0.32
orogenic,131.34,7.57,2.16,0.85,0.27
orogenic,464.25,9.21,8.59,0.81,0.42
orogenic,201.79,9.21,0.81,0.97,0.4
orogenic,187.84,9.69,3.78,0.84,0.27
orogenic,4021.21,1.81,0.99,1.11,9.97
orogenic,1635.02,1.68,0.99,1,9.69
orogenic,2195.68,1.56,0.99,1.78,10.14
orogenic,1642.35,1.73,0.99,1,9.59
orogenic,2722.96,3.86,0.99,2.83,11.53
orogenic,3729.38,2.43,0.99,1.68,5.36
orogenic,3381.72,2.47,0.99,1.44,2.08
orogenic,2690.49,2.01,0.99,2.01,13.36
orogenic,2693.83,2.1,0.99,1.99,13.46
orogenic,3642.88,2.26,0.99,1.7,4.56
orogenic,3418.39,2.74,0.99,1.35,6.21
orogenic,3175.76,3.55,0.99,1.32,9.08
orogenic,3277.12,4.84,1,1.31,9.45
orogenic,3674.03,2.31,0.99,1.84,11.94
orogenic,3160.63,2.46,0.99,1.57,14.68
orogenic,3467,2.89,0.99,2.07,9.31
orogenic,3153.06,3.84,0.99,2.36,5.47
orogenic,1976.5,1.9,1,9.19,3.95
orogenic,3724.63,1.67,0.99,0.98,18.02
orogenic,2569.64,3.09,1,1.69,0.97
orogenic,2268.47,2.24,0.99,1.03,6.06
orogenic,3622.59,3.24,0.99,0.96,18.75
orogenic,2894.74,2.95,0.99,1.03,15.49
orogenic,161.4,4.02,0.82,0.62,0.27
orogenic,122.17,2.61,4.27,0.69,0.32
orogenic,212.04,4.7,5.43,0.57,0.43
orogenic,140.7,3.45,2.4,0.73,0.35
orogenic,270.43,3.67,3.65,0.51,0.5
orogenic,159.37,10.21,5.14,0.82,1.15
orogenic,220.04,3.06,1.2,0.69,0.44
orogenic,87.63,5.67,6.11,0.71,0.41
orogenic,98.65,4.67,2.31,0.56,0.76
orogenic,102.27,3.56,4.75,0.6,0.76
orogenic,166.75,4.06,0.92,0.71,0.49
orogenic,143.13,5.25,5.02,0.63,0.81
orogenic,187.43,5.54,0.88,0.59,0.93
orogenic,192.63,5.09,0.79,0.74,0.55
orogenic,126.43,13.8,0.63,0.49,2.64
orogenic,110.01,20.82,1.7,0.72,0.74
orogenic,91.03,14.74,1.45,0.82,0.53
orogenic,147.94,17.6,2.25,0.8,0.7
orogenic,112.52,16.41,0.6,0.63,1.3
orogenic,110.46,17.85,1.53,0.73,1.73
orogenic,122.36,16.47,1.42,0.72,2.52
orogenic,119.76,15.73,1.13,0.62,1.58
orogenic,99.89,17.96,2.24,0.78,1.01
orogenic,94.44,18.43,2.85,0.83,0.32
orogenic,1623.42,3.41,0.51,6.98,1.33
orogenic,634.55,1.77,0.72,2.84,0.51
orogenic,782.73,9.89,0.91,5.31,0.63
orogenic,1714.92,3.13,0.64,8,0.99
orogenic,249.32,2.67,0.81,2.83,0.37
orogenic,249.32,2.67,0.81,2.83,0.37
orogenic,454.56,2,0.88,3.61,0.57
orogenic,606.89,2.94,0.76,2.88,0.44
orogenic,452.47,2.15,0.78,3.25,0.61
orogenic,516.16,2.69,0.82,4.93,0.45
orogenic,387.73,2.34,0.83,2.91,0.27
orogenic,387.73,2.34,0.83,2.91,0.27
orogenic,1345.75,7.22,0.85,6.94,0.38
orogenic,725.85,4.28,0.82,3.94,0.58
orogenic,556.12,3.85,0.8,3.87,0.35
orogenic,1393.79,3.9,0.7,4.69,0.45
orogenic,322.64,1.81,0.65,2.26,0.5
orogenic,559.44,5.49,0.79,3.93,0.8
orogenic,420.39,2.15,0.82,2.56,0.26
orogenic,648.54,4.35,0.78,3.73,0.29
orogenic,822.09,3.45,0.65,2.82,0.31
orogenic,822.09,3.45,0.65,2.82,0.31
orogenic,450.92,2.57,0.73,2.7,0.32
orogenic,407.71,2.35,0.71,2.56,0.37
orogenic,789.44,2.8,0.79,3.66,0.42
orogenic,789.44,2.8,0.79,3.66,0.42
orogenic,675.37,5.8,0.87,5,0.53
orogenic,662.35,2.89,0.79,3.84,0.35
orogenic,662.35,2.89,0.79,3.84,0.35
orogenic,111.94,1.92,0.69,1.61,0.53
orogenic,552.85,3.45,0.71,3.13,0.32
orogenic,552.85,3.45,0.71,3.13,0.32
orogenic,374.38,2.15,0.85,2.63,0.73
orogenic,519.62,1.78,0.82,2.67,0.54
orogenic,519.62,1.78,0.82,2.67,0.54
orogenic,741.96,2.22,0.66,3.1,0.35
orogenic,741.96,2.22,0.66,3.1,0.35
orogenic,359.13,2.13,0.74,2.48,0.57
orogenic,119.56,6.13,0.79,1.57,0.9
orogenic,158.45,1.78,0.57,1.94,0.36
orogenic,130.99,3.78,1.18,1.64,1.58
orogenic,370.4,2.59,0.8,2.71,0.31
orogenic,370.4,2.59,0.8,2.71,0.31
orogenic,53.57,2.6,0.75,1.09,0.27
orogenic,412.78,2.31,0.36,1.09,0.32
orogenic,71.91,5.19,3.47,1.1,0.41
orogenic,201.79,6.35,0.75,1.25,0.45
orogenic,137.66,5.39,0.7,1.56,0.33
orogenic,196.48,6.86,0.46,1.5,0.54
orogenic,168.47,6.25,0.53,1.43,0.28
orogenic,103.72,5.03,0.41,1.32,0.3
orogenic,103.81,5.77,0.67,1.26,0.34
orogenic,52.81,6.81,1.59,1.3,0.72
orogenic,257.88,5.75,0.57,1.3,1.06
orogenic,125.6,7.07,0.55,1.48,0.32
orogenic,138.11,5.43,0.7,1.22,0.68
orogenic,90.23,5.48,0.55,1.48,0.42
orogenic,52.04,1.97,0.51,1.29,0.56
orogenic,91.59,6.36,0.74,1.64,0.34
orogenic,92.53,6.35,0.75,1.64,0.35
orogenic,212.29,4.96,0.87,1.94,0.7
orogenic,191.22,6.07,0.72,1.46,0.47
orogenic,209.86,5.19,0.74,1.27,0.43
orogenic,118.94,8.32,0.45,1.37,0.6
orogenic,386.74,7.79,0.77,2,1.15
orogenic,425.47,8.49,0.55,1.82,1.26
orogenic,223.07,3.8,0.8,1.19,0.36
orogenic,3143.73,2.3,0.99,0.75,6.4
orogenic,2331.64,1.85,0.99,12.42,1.33
orogenic,97.86,1.56,0.4,1.42,0.43
orogenic,57.47,1.62,0.43,1.23,0.84
orogenic,201.82,2.49,0.37,1.18,1.62
orogenic,77.03,3.84,0.42,0.45,0.37
pegmatite,214.14,8.71,4.15,3.15,0.4
pegmatite,245.87,12.43,8.35,3.06,0.32
pegmatite,307.33,9.93,2.65,2.89,0.86
pegmatite,370.12,14.47,3.58,2.83,0.66
pegmatite,407.54,14.28,3.2,2.92,0.68
pegmatite,260.67,11.3,7.89,3.17,0.35
pegmatite,411.27,10.26,5.35,3.26,0.77
pegmatite,417.8,8.82,2.22,3.05,0.99
pegmatite,262.46,8.69,4.24,3.01,0.33
pegmatite,339.55,11.25,4.21,2.98,1.17
pegmatite,232.24,11.61,5.99,2.92,0.35
pegmatite,242.48,10.49,3.47,3.03,1.84
pegmatite,121.44,17.91,3.97,3.36,0.55
pegmatite,405.73,15.02,2.61,2.66,0.59
pegmatite,159.49,9.88,1.57,2.54,1.73
pegmatite,135.15,5.11,0.53,2.88,2.16
pegmatite,257.11,15.3,4.36,3.71,0.99
granite,288,26.1,39.6,1.87,0.02
granite,1091,49.05,39.7,2.18,0.021
granite,195,9.355,13.2,1.97,0.091
granite,366,10.07,15.8,2.24,0.084
granite,180,9.405,17.1,2.05,0.037
granite,100,8.89,9.79,2.1,0.021
granite,426,12.5,13.7,2.46,0.054
granite,339,8.565,20.9,2.15,0.032
granite,279,8.915,10.8,1.88,0.025
granite,277,9.18,8.47,1.89,0.056
granite,409,9.4,11.2,1.8,0.02
granite,260,8.595,8.53,1.76,0.021
granite,564,20.65,10,2.59,0.037
granite,205,7.22,9.45,1.15,0.109
granite,252,8.08,14,1.7,0.041
greisen,237,7.27,16.8,1.47,0.83
greisen,787,4.75,31.1,2.2,0.179
greisen,283,8.28,29.7,2.15,0.041
greisen,313,8.32,23.3,1.91,0.297
greisen,271,8.18,14.1,1.5,0.1
greisen,175,7.16,10.6,1.91,0.047
greisen,562,10.115,9.38,2.19,0.061
greisen,187,5.39,12.3,1.86,0.019
greisen,131,6.56,5.88,1.46,0.024
greisen,351,6.865,18.4,1.6,0.072
pegmatite,1333,26.6,79.3,3.04,0.15
pegmatite,1199,19.3,109,2.83,0.209
pegmatite,1252,20.85,114,2.69,0.146
pegmatite,1458,18.25,70.4,2.49,0.132
pegmatite,465,13.7,47.7,2.43,0.024
pegmatite,431,14.7,17.2,2.36,0.097
pegmatite,1455,18.55,93.3,2.2,0.061
pegmatite,215,21.15,18.7,2.04,0.031
pegmatite,397,41.5,47,1.99,0.028
pegmatite,332,46,11.9,1.78,0.031
pegmatite,107,13.5,7.04,1.77,0.049
pegmatite,281,30.5,42,1.73,0.015
pegmatite,344,37.55,35.5,1.31,0.032
epithermal,1941,3,4.2,9,0.16
epithermal,1672,5.9,1.6,8.7,0.12
epithermal,2098,6.3,3.9,7.7,0.01
epithermal,1575,2.7,1.9,7.5,0.18
epithermal,1575,2.3,1.9,7,0.07
epithermal,1385,2,4.3,6.7,0.02
epithermal,967,1.9,4.7,6.7,0.01
epithermal,1280,2.1,8.5,6.5,0.35
epithermal,910,1.6,1,6,0.02
epithermal,1577,4.2,3.2,5.7,0.11
epithermal,1407,2.9,2.5,5.6,0.2
epithermal,1347,3.2,0.71,5.3,0.02
epithermal,1678,5.3,2.4,4.9,0.02
epithermal,1167,1.8,1.1,4.7,0.05
epithermal,975,3.2,1.1,4.4,0.03
epithermal,719,1.6,3,4.2,0.01
epithermal,588,1.5,6.1,4.1,0.01
epithermal,833,1.7,1.3,3.8,0.05
epithermal,1570,4.7,2.1,3.7,0.02
epithermal,384,2.3,2.5,3.6,0.03
epithermal,973,1.9,0.69,3.5,0.01
epithermal,1030,2.8,8.3,3.5,0.01
epithermal,1362,2.8,12.4,3.1,0.01
epithermal,412,4.6,3.9,2.4,0.01
epithermal,54.044429,0.665,4.438228,7.343429,0.8771
epithermal,253,12,1.4,2.8,0.94
orogenic,740,8,7.9,16,1.2
orogenic,510,1.9,11.2,22,8.5
orogenic,166,1.4,3.7,19,0.08
orogenic,142,19,9.6,11,0.27
orogenic,67.6,0.64,8.2,2.7,0.071
orogenic,17.8,1.24,0.25,2.8,0.08
orogenic,40.6,3.8,0.39,4,0.038
orogenic,32.3,1.62,0.61,2.01,0.0257
orogenic,37.5,2.88,1.57,1.54,0.101
orogenic,11.63,1.53,0.07,1.24,0.028
orogenic,10.3,1.56,0.063,1.3,0.09
orogenic,10.9,1.4,0.119,1.73,0.07
orogenic,10.8,1.59,0.073,1.28,0.0137
orogenic,240,9,12.3,17,0.65
orogenic,28.8,2.3,1.54,1.65,0.0155
orogenic,37.4,3.51,0.93,2.02,0.09
orogenic,270,16,4,18,0.35
orogenic,316,4.9,3.6,20,3.2
orogenic,80,3.4,0.37,4.8,0.4
orogenic,35.9,1.98,0.465,1.18,0.144
orogenic,17.9,2.01,0.16,1.58,0.08
orogenic,14.4,1.45,0.72,1.69,0.02
orogenic,23.5,1.83,0.492,1.42,0.138
orogenic,25.1,1.88,0.07,0.93,0.214
orogenic,20.34,1.53,0.584,2.26,0.053
orogenic,11.7,1.84,0.046,2.2,0.42
orogenic,21.48,1.37,0.24,2.7,0.092
orogenic,28.8,1.03,0.581,2.13,0.401
orogenic,55,1.2,1.87,2.58,0.237
orogenic,12.8,1.55,0.142,1.72,0.105
orogenic,20.3,1.27,0.273,1.92,0.237
orogenic,15.65,1.22,0.067,2.03,0.39
orogenic,37.5,1.57,1.47,1.47,0.382
orogenic,11.91,1.08,0.128,2.13,0.041
orogenic,15.7,1.55,0.189,1.93,0.157
orogenic,23.69,1.02,0.259,2.2,0.169
orogenic,25.1,1.15,0.093,1.85,0.401
orogenic,17.86,1.48,0.11,2.08,0.115
orogenic,36.9,1.37,0.53,2.22,0.067
orogenic,19.98,1.22,0.183,1.76,0.094
orogenic,10.89,1.24,0.049,1.47,0.077
orogenic,15.74,1.22,0.03,1.36,0.265
orogenic,12.32,1.17,0.062,1.3,0.135
orogenic,11.96,1.03,0.096,1.86,0.48
orogenic,26.81,1.19,0.17,1.95,0.724
orogenic,26,1.51,0.675,1.58,0.0108
orogenic,35.96,1.96,2.79,1.71,0.0203
orogenic,37.92,1.92,1.06,1.74,0.001
orogenic,19.64,1.46,0.3,1.63,0.0024
orogenic,11.06,1.5,0.146,1.93,0.096
orogenic,5.84,1.53,0.058,1.47,0.071
orogenic,36.4,1.82,5.03,1.92,0.0005
orogenic,33.89,1.8,1.5,1.43,0.0033
orogenic,9.89,1.51,0.277,1.4,0.179
orogenic,26.96,1.7,0.915,1.89,0.026
orogenic,6.81,1.32,0.526,1.5,0.0028
orogenic,8.81,1.26,0.054,1.28,0.034
orogenic,21.11,1.31,1.4,1.83,0.033
orogenic,11.01,1.54,0.297,1.44,0.002
orogenic,32.8,1.81,0.148,1.51,0.34
orogenic,30.67,1.39,0.678,1.79,0.053
orogenic,21.2,1.47,0.18,1.74,0.12
orogenic,26.59,1.36,0.729,2.07,0.0142
orogenic,24.39,1.44,1.56,1.55,0.0103
orogenic,8.95,1.42,0.473,1.38,0.107
orogenic,19.78,1.5,0.398,1.8,0.0124
orogenic,29,1.5,1.45,1.45,0.074
orogenic,10.72,1.61,0.62,1.53,0.021
orogenic,15.6,1.57,2.18,1.94,0.06
orogenic,25.24,1.47,2.02,1.97,0.0058
orogenic,24.31,1.34,1.6,1.75,0.0087
orogenic,7.11,1.35,0.286,1.37,0.0009
orogenic,6.82,1.02,0.425,1.31,0.0057
orogenic,13.6,0.96,0.233,1.27,0.0066
orogenic,14.54,1.35,0.575,1.3,0.134
orogenic,12.79,0.89,0.163,0.84,0.295
orogenic,3.86,0.67,0.091,1.31,0.019
orogenic,7.74,1.86,0.064,1.41,0.002
skarn,572,38.866,4.417,1.019,2.139
skarn,174,4.037,0.914,0.64,1.1
skarn,273,15.736,6.739,0.682,0.408
skarn,15.248,1.123,0.263,0.55,0.047
skarn,22.036,0.758,0.745,0.511,0.895
skarn,103,1.442,1.025,0.588,1.18
skarn,118,0.239,0.288,0.794,4.077
skarn,1207,1.272,13.709,4.162,11.065
skarn,964,0.741,3.865,2.602,10.043
skarn,354,10.457,1.67,1.649,3.452
skarn,1062,3.018,11.352,1.9,10.178
skarn,406,141,2.776,1.746,2.272
skarn,1138,32.933,19.254,4.16,6.111
skarn,637,0.53,10.387,2.378,6.455
skarn,751,0.982,7.922,7.02,3.573
skarn,145,0.57,1.062,1.223,4.77
skarn,88.254,2.654,1.274,2.876,0.826
skarn,587,4.905,14.794,7.46,2.174
skarn,50.844,23.95,0.571,1.593,0.056
skarn,260,30.791,3.015,2.62,4.429
skarn,242,3.049,1.938,1.333,4.486
skarn,181,65.933,3.157,1.828,0.607
skarn,174,73.478,7.678,1.853,1.132
skarn,374,23.484,4.098,1.608,1.131
skarn,428,3.243,6.129,5.779,5.198
skarn,527,11.015,13.097,9.14,3.349
skarn,64.718,1.918,0.19,1.485,0.926
skarn,406,2.361,5.032,1.99,4.864
skarn,159,2.17,0.797,1.162,1.264
skarn,475,0.694,10.054,3.107,4.116
skarn,895,2.078,32.032,6.396,1.364
skarn,133,0.12,2.826,3.146,0.309
skarn,67.949,4.095,0.786,0.801,0.215
skarn,557,11.422,11.748,5.271,1.466
skarn,1905,13.253,18.429,2.959,2.045
skarn,105,38.902,0.573,2.003,3.342
skarn,882,4.458,15.41,3.562,6.082
skarn,245,1.151,5.791,3.155,0.336
skarn,229,1.607,4.628,2.364,0.173
skarn,1335,3.36,27.684,6.679,8.755
skarn,92.443,0.64,1.932,1.308,0.387
skarn,49.155,0.572,0.54,0.534,0.146
skarn,72.509,1.535,0.03,0.591,54.28
skarn,810,2.955,6.729,3.154,10.728
skarn,88.153,10.626,0.702,1.486,0.782
skarn,70.019,4.099,0.429,0.985,0.429
skarn,85.482,12.285,5.113,1.301,0.203
skarn,97.103,3.228,0.397,1.002,0.94
skarn,61.765,2.447,0.093,0.834,1.631
skarn,27.118,2.307,0.207,1.179,0.262
skarn,967,13.856,14.505,11.676,1.035
skarn,1312,40.452,3.56,5.769,8.136
skarn,421,5.05,8.129,2.66,0.728
skarn,23.951,8.05,2.314,1.442,0.002
skarn,465,3.075,5.225,2.07,0.419
skarn,73.071,21.022,0.837,2.276,0.624
skarn,156,2.675,1.122,2.721,1.582
skarn,241,1.461,1.309,1.532,5.582
skarn,425,0.827,1.282,2.69,5.017
skarn,138,0.723,0.6,2.184,0.702
skarn,146,1.163,2.057,2.253,1.328
skarn,144,1.552,1.07,1.778,1.232
skarn,223,6.532,6.347,9.029,1.02
skarn,247,3.677,1.508,2.207,2.166
skarn,166,1.539,0.336,0.457,3.43
skarn,92.734,1.691,4.669,0.973,9.608
skarn,61.073,1.212,1.308,0.944,1.066
skarn,99.611,1.599,0.423,1.985,5.052
skarn,1621,3.876,53.215,3.266,13.792
skarn,1413,1.348,46.756,17.763,2.02
skarn,1017,1.169,26.237,11.348,4.741
skarn,461,2.605,7.013,6.037,1.6
skarn,197,1.597,2.983,1.878,0.374
skarn,306,0.624,4.617,1.174,5.068
skarn,32.175,1.802,1.076,0.938,8.989
skarn,11.325,0.181,0.073,0.553,1.583
skarn,1843,0.715,59.497,4.303,13.562
skarn,20.189,0.261,0.292,0.813,0.389
skarn,596,0.824,8.81,2.663,6.71
skarn,97.622,1.874,1.57,1.256,4.192
skarn,159,1.764,0.956,0.757,11.21
skarn,22.874,2.464,0.058,0.738,2.964
skarn,62.826,3.599,0.309,0.535,0.443
skarn,8.581,1.582,0.099,0.563,3.714
skarn,772,1.352,14.877,2.687,7.92
skarn,77.613,2.302,2.791,0.651,1.087
skarn,1359,6.293,25.652,5.545,6.67
skarn,1542,8.599,33.045,5.95,12.929
skarn,1043,3.616,21.161,5.624,7.854
skarn,1277,3.85,10.374,5.294,25.337
skarn,2353,1.966,1.014,1.665,4.644
skarn,224,2.47,0.438,0.735,19.737
skarn,768,2.809,4.199,1.902,7.419
skarn,139,2.247,0.325,0.51,4.455
skarn,674,13.667,12.917,3.808,8.482
skarn,452,2.641,5.214,3.338,2.882
skarn,909,6.763,32.136,5.192,2.495
skarn,164,1.068,0.732,3.385,7.735
skarn,2254,4.631,66.271,13.535,19.569
skarn,241,0.731,4.541,2.724,0.548
skarn,843,0.643,25.816,8.989,4.02
skarn,220,0.732,3.779,4.318,0.822
skarn,1721,7.231,12.36,9.809,15.51
skarn,2321,10.711,29.528,18.403,3.728
skarn,2247,5.26,20.519,5.508,7.802
skarn,3545,4.469,124,23.148,12.841
skarn,3579,2.059,114,17.818,19.349
skarn,3064,1.922,108,19.126,12.72
skarn,1604,0.955,52.676,8.103,8.4
skarn,1929,0.737,64.43,9.268,10.67
skarn,613,0.835,13.726,3.352,8.35
skarn,1275,6.613,8.979,3.322,5.335
skarn,256,0.51,3.208,1.235,0.755
skarn,569,1.969,16.501,2.999,0.808
skarn,200,2.037,2.133,4.833,0.569
skarn,1191,12.883,16.199,6.248,3.63
skarn,483,1.448,4.811,5.484,1.54
skarn,306,2.235,3.253,3.677,0.298
skarn,944,5.493,7.131,4.853,2.999
skarn,536,9.103,16.011,8.649,0.033
skarn,517,3.766,10.109,3.722,1.607
skarn,48.049,1.05,0.37,1.778,0.327
skarn,99.008,25.464,0.568,0.872,11.455
skarn,139,30.42,1.786,0.809,1.248
skarn,253,2.92,6.279,1.484,0.841
skarn,898,2.786,44.767,4.494,1.064
skarn,373,10.715,17.935,4.342,0.264
skarn,142,4.207,2.042,3.134,2.353
skarn,83.786,3.353,0.674,1.063,1.137
skarn,832,5.692,22.512,7.114,2.435
skarn,1453,4.72,39.457,21.093,5.769
skarn,472,1.527,5.793,8.775,3.244
skarn,1716,11.093,27.312,16.5,3.375
skarn,61.237,1.405,0.297,2.676,0.311
skarn,99.974,1.411,0.959,3.866,1.013
skarn,289,0.977,9.054,3.792,0.502
skarn,570,3.195,7.775,5.79,13.537
skarn,139,1.137,1.893,2.891,2.035
skarn,221,1.02,0.67,2.289,1.178
skarn,245,0.683,4.579,2.234,3.613
skarn,117,1.187,1.794,0.776,2.846
skarn,14.592,0.967,0.056,1.013,0.049
skarn,239,3.62,6.299,6.343,1.105
skarn,119,3.621,0.684,1.344,2.005
skarn,165,1.17,3.618,3.919,0.463
skarn,719,3.261,21.429,5.532,0.245
skarn,64.682,6.412,0.2,0.754,10.141
skarn,154,2.182,0.441,0.803,0.949
skarn,80.14,0.911,1.038,0.747,0.519
skarn,30.847,0.991,0.255,0.637,0.007
skarn,3312,2.279,101,6.416,8.295
skarn,234,2.969,8.775,1.23,0.014
skarn,210,2.507,5.649,1.604,0.035
skarn,84.692,1.697,0.759,1.798,2.649
skarn,2244,1.175,27.848,3.572,24.323
skarn,74.516,2.537,0.906,1.438,0.411
skarn,184,1.962,0.745,1.2,2.704
skarn,61.155,1.033,0.247,1.138,2.827
skarn,81.522,2.138,0.24,0.98,1.084
skarn,418,11.754,5.879,7.081,5.908
skarn,86.151,11.426,0.397,2.461,2.211
skarn,81.375,13.602,0.537,0.803,6.034
skarn,65.595,4.529,0.574,0.545,5.401
skarn,114,12.979,3.392,0.73,1.284
skarn,57.499,6.779,3.498,0.582,0.052
skarn,597,0.832,4.735,3.464,5.777
skarn,341,1.445,4.524,8.004,1.735
skarn,651,3.078,15.951,11.814,0.737
skarn,82.64,0.263,0.258,1.086,0.875
skarn,42.842,0.206,0.597,1.521,0.057
skarn,159,0.265,1.459,1.722,2.791
skarn,1400,2.202,7.369,3.281,3.5
skarn,629,1.203,8.362,3.114,3.953
skarn,253,0.418,3.078,1.965,3.229
skarn,269,0.269,4.606,2.237,2.571
skarn,144,1.249,5.662,0.985,2.075
skarn,966,0.543,23.66,6.036,6.398
skarn,2450,12.783,12.835,4.845,4.752
skarn,2788,19.101,26.09,5.007,3.843
skarn,76.998,1.868,0.555,0.588,2.235
skarn,53.787,4.105,0.162,0.465,5.337
skarn,27.226,2.28,0.29,0.538,0.779
skarn,450,1.859,10.01,2.398,3.67
skarn,77.574,2.429,2.613,0.538,0.057
skarn,90.133,2.172,2.16,0.48,0.114
skarn,255,2.8,1.008,1.656,19.841
skarn,235,2.328,2.838,0.897,0.487
skarn,168,0.801,0.206,1.557,2.006
skarn,1015,6.89,14.266,9.166,4.108
skarn,258,0.774,3.449,4.984,1.174
skarn,1581,13.27,12.593,18.344,5.128
skarn,613,2.722,8.616,5.029,3.587
skarn,1254,22.285,12.872,8.041,5.336
skarn,365,7.38,3.024,4.049,2.221
skarn,896,16.711,10.242,4.15,1.995
skarn,379,6.096,13.534,3.244,0.144
skarn,382,6.327,14.584,3.603,0.322
skarn,126,1.007,2.628,1.638,0.396
skarn,60.598,1.6,0.916,5.668,0.139
skarn,511,1.533,8.663,7.134,0.956
skarn,291,9.7,2.381,4.35,2.219
skarn,2376,22.471,8.178,6.448,12.893
skarn,34.181,0.821,0.055,1.22,2.646
